--FULL tables with 1000+ rows OF DATA 
INSERT INTO Director (director_id, first_name, last_name, dob, email) values 
(2,'Megan', 'Chang', '1978-03-19', 'megan.chang@example.com'),
(3,'Billy', 'Sheppard', '1982-08-29', 'billy.sheppard@example.com'),
(4,'Richard', 'Bowers', '1970-03-26', 'richard.bowers@example.com'),
(5,'Tammy', 'Howard', '1964-06-16', 'tammy.howard@example.com'),
(6,'William', 'Campbell', '1956-01-18', 'william.campbell@example.com'),
(7,'Christine', 'King', '1985-10-31', 'christine.king@example.com'),
(8,'Tonya', 'Patrick', '1959-08-05', 'tonya.patrick@example.com'),
(9,'Kyle', 'Blair', '1972-01-24', 'kyle.blair@example.com'),
(10,'Thomas', 'Garcia', '1979-02-20', 'thomas.garcia@example.com'),
(11,'Leslie', 'Bowman', '1963-07-05', 'leslie.bowman@example.com'),
(12,'Tammy', 'Woods', '1985-01-26', 'tammy.woods@example.com'),
(13,'Jorge', 'Trujillo', '1986-12-06', 'jorge.trujillo@example.com'),
(14,'Sabrina', 'Davis', '1976-09-24', 'sabrina.davis@example.com'),
(15,'Jennifer', 'Glover', '1992-02-22', 'jennifer.glover@example.com'),
(16,'Aaron', 'Snyder', '1972-04-06', 'aaron.snyder@example.com'),
(17,'John', 'Nguyen', '1953-11-17', 'john.nguyen@example.com'),
(18,'James', 'Bradley', '1965-10-30', 'james.bradley@example.com'),
(19,'Linda', 'Thomas', '1986-07-18', 'linda.thomas@example.com'),
(20,'Seth', 'Miller', '1971-05-17', 'seth.miller@example.com'),
(21,'Nancy', 'Bolton', '1982-11-21', 'nancy.bolton@example.com'),
(22,'Daniel', 'Arnold', '1958-02-01', 'daniel.arnold@example.com'),
(23,'Amy', 'Olsen', '1986-05-11', 'amy.olsen@example.com'),
(24,'James', 'Lloyd', '1986-10-31', 'james.lloyd@example.com'),
(25,'Briana', 'Wallace', '1990-03-03', 'briana.wallace@example.com')
 
select * from Director

INSERT INTO Actor (actor_id, first_name, last_name, dob, email) VALUES
(1, 'Dennis', 'Boone', '1996-07-26', 'dennis.boone1@example.com'),
(2, 'Bryan', 'Wilson', '1996-05-17', 'bryan.wilson2@example.com'),
(3, 'Shannon', 'Pearson', '1998-04-07', 'shannon.pearson3@example.com'),
(4, 'Jason', 'Freeman', '2005-05-20', 'jason.freeman4@example.com'),
(5, 'Mary', 'Reynolds', '1996-06-19', 'mary.reynolds5@example.com'),
(6, 'Katie', 'Dominguez', '1962-09-19', 'katie.dominguez6@example.com'),
(7, 'Jennifer', 'Perez', '1951-07-20', 'jennifer.perez7@example.com'),
(8, 'Rachel', 'Johnson', '1946-04-29', 'rachel.johnson8@example.com'),
(9, 'Debra', 'Smith', '2004-07-24', 'debra.smith9@example.com'),
(10, 'Patrick', 'Robinson', '1973-04-26', 'patrick.robinson10@example.com'),
(11, 'Jessica', 'Rose', '1996-07-24', 'jessica.rose11@example.com'),
(12, 'Samuel', 'Simpson', '1960-06-15', 'samuel.simpson12@example.com'),
(13, 'Michael', 'Rhodes', '1996-05-17', 'michael.rhodes13@example.com'),
(14, 'Steve', 'Roberts', '1946-01-21', 'steve.roberts14@example.com'),
(15, 'Robert', 'Hendricks', '2007-05-08', 'robert.hendricks15@example.com'),
(16, 'Dawn', 'Lopez', '1993-11-02', 'dawn.lopez16@example.com'),
(17, 'Michelle', 'Martinez', '1967-03-27', 'michelle.martinez17@example.com'),
(18, 'Paula', 'Mcpherson', '1978-09-03', 'paula.mcpherson18@example.com'),
(19, 'Sharon', 'Henderson', '2001-01-28', 'sharon.henderson19@example.com'),
(20, 'Renee', 'Lee', '1963-12-06', 'renee.lee20@example.com'),
(21, 'Briana', 'Khan', '2002-03-06', 'briana.khan21@example.com'),
(22, 'Shelley', 'Long', '2002-08-29', 'shelley.long22@example.com'),
(23, 'Austin', 'Sanchez', '1998-11-09', 'austin.sanchez23@example.com'),
(24, 'Richard', 'Ortega', '1969-07-29', 'richard.ortega24@example.com'),
(25, 'Ana', 'Warner', '1990-06-29', 'ana.warner25@example.com'),
(26, 'Joanna', 'Miller', '1989-10-05', 'joanna.miller26@example.com'),
(27, 'William', 'Osborne', '1980-01-16', 'william.osborne27@example.com'),
(28, 'Mary', 'Wood', '1994-06-16', 'mary.wood28@example.com'),
(29, 'Anthony', 'Williams', '1992-06-16', 'anthony.williams29@example.com'),
(30, 'Melinda', 'Mendez', '1983-12-09', 'melinda.mendez30@example.com'),
(31, 'Phillip', 'Jackson', '1978-10-09', 'phillip.jackson31@example.com'),
(32, 'Jeremy', 'Smith', '1958-03-04', 'jeremy.smith32@example.com'),
(33, 'Amber', 'Dalton', '1960-05-23', 'amber.dalton33@example.com'),
(34, 'Richard', 'Cooper', '2002-04-06', 'richard.cooper34@example.com'),
(35, 'Becky', 'Stevens', '1962-12-01', 'becky.stevens35@example.com'),
(36, 'Donna', 'Lynch', '1994-03-25', 'donna.lynch36@example.com'),
(37, 'Adam', 'Bowers', '2000-06-05', 'adam.bowers37@example.com'),
(38, 'Stephanie', 'Mays', '1979-06-21', 'stephanie.mays38@example.com'),
(39, 'Lisa', 'Stone', '1982-10-17', 'lisa.stone39@example.com'),
(40, 'Jamie', 'Herring', '1977-05-01', 'jamie.herring40@example.com'),
(41, 'Molly', 'Hudson', '1958-03-12', 'molly.hudson41@example.com'),
(42, 'Shelley', 'Gutierrez', '1999-12-10', 'shelley.gutierrez42@example.com'),
(43, 'Michael', 'Reed', '1981-03-27', 'michael.reed43@example.com'),
(44, 'Amber', 'Buchanan', '1967-02-16', 'amber.buchanan44@example.com'),
(45, 'Stephen', 'Johnson', '1960-03-20', 'stephen.johnson45@example.com'),
(46, 'Cynthia', 'Pierce', '1956-11-23', 'cynthia.pierce46@example.com'),
(47, 'Michelle', 'Lindsey', '1998-11-01', 'michelle.lindsey47@example.com'),
(48, 'Melissa', 'Galvan', '1946-10-20', 'melissa.galvan48@example.com'),
(49, 'Meagan', 'Nunez', '1950-04-04', 'meagan.nunez49@example.com'),
(50, 'Miranda', 'Chavez', '1995-11-30', 'miranda.chavez50@example.com'),
(51, 'Karla', 'Wright', '1952-01-17', 'karla.wright51@example.com'),
(52, 'Laura', 'Lopez', '1964-05-07', 'laura.lopez52@example.com'),
(53, 'Chad', 'Moore', '1980-06-25', 'chad.moore53@example.com'),
(54, 'Stephanie', 'Douglas', '1988-09-14', 'stephanie.douglas54@example.com'),
(55, 'Jennifer', 'Gibson', '1966-07-04', 'jennifer.gibson55@example.com'),
(56, 'Tyler', 'Wilson', '1965-10-28', 'tyler.wilson56@example.com'),
(57, 'Paul', 'Fisher', '1957-05-22', 'paul.fisher57@example.com'),
(58, 'Jonathan', 'King', '1994-04-13', 'jonathan.king58@example.com'),
(59, 'William', 'Clark', '1985-10-22', 'william.clark59@example.com'),
(60, 'Ryan', 'Cantrell', '1959-12-06', 'ryan.cantrell60@example.com'),
(61, 'Andrew', 'Thomas', '1993-07-05', 'andrew.thomas61@example.com'),
(62, 'Susan', 'Griffin', '1979-01-18', 'susan.griffin62@example.com'),
(63, 'Erika', 'Stephens', '1959-08-10', 'erika.stephens63@example.com'),
(64, 'Tiffany', 'Mccoy', '1991-11-22', 'tiffany.mccoy64@example.com'),
(65, 'Zachary', 'Walker', '1988-09-21', 'zachary.walker65@example.com'),
(66, 'Anthony', 'Leonard', '1999-04-07', 'anthony.leonard66@example.com'),
(67, 'Manuel', 'Mccoy', '1948-08-05', 'manuel.mccoy67@example.com'),
(68, 'Joan', 'Martinez', '1959-01-11', 'joan.martinez68@example.com'),
(69, 'Nancy', 'Torres', '2003-01-06', 'nancy.torres69@example.com'),
(70, 'Charles', 'Stark', '1964-11-11', 'charles.stark70@example.com'),
(71, 'Julia', 'Butler', '1961-10-07', 'julia.butler71@example.com'),
(72, 'David', 'Castro', '2002-06-21', 'david.castro72@example.com'),
(73, 'Benjamin', 'Weiss', '2005-11-22', 'benjamin.weiss73@example.com'),
(74, 'Ashley', 'Jackson', '2003-08-24', 'ashley.jackson74@example.com'),
(75, 'Molly', 'Deleon', '1986-12-26', 'molly.deleon75@example.com'),
(76, 'William', 'Gray', '1968-03-15', 'william.gray76@example.com'),
(77, 'Corey', 'Berry', '2005-08-09', 'corey.berry77@example.com'),
(78, 'Ryan', 'Lee', '1951-09-13', 'ryan.lee78@example.com'),
(79, 'Sharon', 'Price', '1978-11-24', 'sharon.price79@example.com'),
(80, 'Vincent', 'Nguyen', '2003-11-28', 'vincent.nguyen80@example.com'),
(81, 'Richard', 'Campbell', '1955-04-11', 'richard.campbell81@example.com'),
(82, 'James', 'Murphy', '1982-12-05', 'james.murphy82@example.com'),
(83, 'Kirsten', 'Morgan', '1959-02-02', 'kirsten.morgan83@example.com'),
(84, 'Joseph', 'Davis', '1970-05-26', 'joseph.davis84@example.com'),
(85, 'Sarah', 'Cooper', '2004-08-22', 'sarah.cooper85@example.com'),
(86, 'Mary', 'Ferguson', '1996-11-07', 'mary.ferguson86@example.com'),
(87, 'Valerie', 'Young', '1993-12-17', 'valerie.young87@example.com'),
(88, 'Billy', 'Anderson', '1955-12-05', 'billy.anderson88@example.com'),
(89, 'Rhonda', 'Lewis', '1996-04-01', 'rhonda.lewis89@example.com'),
(90, 'Martin', 'Hunter', '1961-12-19', 'martin.hunter90@example.com'),
(91, 'Micheal', 'Peterson', '1964-05-30', 'micheal.peterson91@example.com'),
(92, 'Joe', 'Raymond', '1997-08-22', 'joe.raymond92@example.com'),
(93, 'Stephanie', 'Clay', '1953-10-21', 'stephanie.clay93@example.com'),
(94, 'Bethany', 'Carrillo', '1966-06-02', 'bethany.carrillo94@example.com'),
(95, 'Benjamin', 'Jones', '2003-07-15', 'benjamin.jones95@example.com'),
(96, 'Vickie', 'Thomas', '1953-02-06', 'vickie.thomas96@example.com'),
(97, 'Matthew', 'Gilbert', '1997-10-20', 'matthew.gilbert97@example.com'),
(98, 'Sara', 'Jones', '1982-01-15', 'sara.jones98@example.com'),
(99, 'Jeffrey', 'Miller', '1962-09-29', 'jeffrey.miller99@example.com'),
(100, 'Michael', 'Phillips', '1980-12-13', 'michael.phillips100@example.com');


INSERT INTO Actor (actor_id, first_name, last_name, dob, email) VALUES
(101, 'Joshua', 'Martinez', '1987-10-25', 'joshua.martinez101@example.com'),
(102, 'Stephanie', 'Peterson', '1998-09-18', 'stephanie.peterson102@example.com'),
(103, 'Tina', 'Michael', '1980-07-20', 'tina.michael103@example.com'),
(104, 'Roger', 'Harrell', '1978-05-06', 'roger.harrell104@example.com'),
(105, 'Shawn', 'Smith', '1984-05-31', 'shawn.smith105@example.com'),
(106, 'Rebecca', 'Rasmussen', '1951-10-15', 'rebecca.rasmussen106@example.com'),
(107, 'Paul', 'Pitts', '1982-11-29', 'paul.pitts107@example.com'),
(108, 'James', 'Miller', '1963-12-04', 'james.miller108@example.com'),
(109, 'Stephanie', 'Robbins', '1994-03-11', 'stephanie.robbins109@example.com'),
(110, 'Linda', 'Cooper', '1966-09-22', 'linda.cooper110@example.com'),
(111, 'Scott', 'Cox', '1995-08-13', 'scott.cox111@example.com'),
(112, 'Mary', 'Lopez', '1987-05-19', 'mary.lopez112@example.com'),
(113, 'Peter', 'Weaver', '1975-01-04', 'peter.weaver113@example.com'),
(114, 'Kendra', 'Lopez', '1968-08-14', 'kendra.lopez114@example.com'),
(115, 'Allison', 'Rodriguez', '2003-06-27', 'allison.rodriguez115@example.com'),
(116, 'Heather', 'Meadows', '2002-09-18', 'heather.meadows116@example.com'),
(117, 'Michael', 'Donaldson', '1956-08-24', 'michael.donaldson117@example.com'),
(118, 'Donald', 'Moore', '1983-08-20', 'donald.moore118@example.com'),
(119, 'Robert', 'Jones', '1970-06-27', 'robert.jones119@example.com'),
(120, 'Ian', 'Wise', '1951-09-09', 'ian.wise120@example.com'),
(121, 'Kimberly', 'Love', '1967-06-03', 'kimberly.love121@example.com'),
(122, 'Monica', 'Stevens', '1998-04-18', 'monica.stevens122@example.com'),
(123, 'Abigail', 'Mcconnell', '1982-04-25', 'abigail.mcconnell123@example.com'),
(124, 'Mark', 'Lowe', '1973-01-27', 'mark.lowe124@example.com'),
(125, 'Robert', 'Roberts', '1979-08-21', 'robert.roberts125@example.com'),
(126, 'Adam', 'Berry', '1970-10-19', 'adam.berry126@example.com'),
(127, 'Taylor', 'Rodriguez', '1994-04-22', 'taylor.rodriguez127@example.com'),
(128, 'Stephanie', 'Perez', '1962-03-01', 'stephanie.perez128@example.com'),
(129, 'Amanda', 'Anderson', '1988-09-17', 'amanda.anderson129@example.com'),
(130, 'Tricia', 'Brown', '1997-10-25', 'tricia.brown130@example.com'),
(131, 'Lisa', 'Hanson', '1999-06-05', 'lisa.hanson131@example.com'),
(132, 'Cheyenne', 'Huffman', '1962-10-14', 'cheyenne.huffman132@example.com'),
(133, 'Kristine', 'Nelson', '1987-04-16', 'kristine.nelson133@example.com'),
(134, 'Melinda', 'Edwards', '1971-03-16', 'melinda.edwards134@example.com'),
(135, 'Michelle', 'Nguyen', '2001-09-08', 'michelle.nguyen135@example.com'),
(136, 'Olivia', 'Henderson', '1971-02-11', 'olivia.henderson136@example.com'),
(137, 'Heather', 'West', '1950-12-19', 'heather.west137@example.com'),
(138, 'Christine', 'Jennings', '1959-10-15', 'christine.jennings138@example.com'),
(139, 'Emily', 'Hardin', '1957-03-05', 'emily.hardin139@example.com'),
(140, 'Kyle', 'Logan', '1997-08-16', 'kyle.logan140@example.com'),
(141, 'Michael', 'Avila', '1997-12-14', 'michael.avila141@example.com'),
(142, 'Emily', 'Henry', '1972-01-02', 'emily.henry142@example.com'),
(143, 'Hannah', 'Bruce', '1967-05-01', 'hannah.bruce143@example.com'),
(144, 'Megan', 'Mckinney', '1961-02-26', 'megan.mckinney144@example.com'),
(145, 'Lisa', 'Roberts', '1959-04-30', 'lisa.roberts145@example.com'),
(146, 'Stephanie', 'Moore', '1956-06-29', 'stephanie.moore146@example.com'),
(147, 'Edward', 'Johnson', '2001-12-13', 'edward.johnson147@example.com'),
(148, 'Claire', 'Alvarez', '1962-07-19', 'claire.alvarez148@example.com'),
(149, 'James', 'Mitchell', '1966-04-06', 'james.mitchell149@example.com'),
(150, 'Gary', 'Montgomery', '1975-03-13', 'gary.montgomery150@example.com');

SELECT * FROM Actor


INSERT INTO Advisory (advisory_id, short_desc, full_desc) VALUES
(1, 'Coarse Language', 'Contains profanity, expletives, vulgar expressions, threats, slurs, sexual references or sexual innuendo.'),
(2, 'Language May Offend', 'Contains language that may be offensive to some groups. It may include sacrilegious language, slurs or vulgar expressions.'),
(3, 'Violence', 'Contains scenes of violence, which could range from mild hand-to-hand combat to detailed portrayals of torture, depending upon the rating of the film.'),
(4, 'Frightening Scenes', 'Contains images that may frighten a person, or are clearly intended to shock or scare.'),
(5, 'Brutal Violence', 'Contains detailed portrayals of violence that may include extreme brutality, bloody or gory violence, and may include images of torture, horror or war.'),
(6, 'Gory Scenes', 'Contains graphic images of bloody or gory violence, and may include images of torture, horror or war.'),
(7, 'Sexual Violence', 'Contains scenes of sexual violence, which could range from scenes of non-consensual sex acts to graphic portrayals of sexual assault, depending upon the rating of the film.'),
(8, 'Nudity', 'Contains breast, buttock, genital nudity. Nudity can be portrayed in a sexual or a non-sexual context.'),
(9, 'Sexually Suggestive Scenes', 'Contains scenes that imply, rather than show, that sexual activity is taking place or has occurred.'),
(10, 'Sexual Content', 'Contains sexual language, references, innuendo, and/or scenes of implied or simulated sexual activity.'),
(11, 'Explicit Sexual Content', 'Contains sexual activity that is explicit and unsimulated, as in adult films that involve actual genital contact.'),
(12, 'Crude Content', 'Contains crude portrayals of bodily functions.'),
(13, 'Substance Abuse', 'Contains excessive alcohol use or the use of illegal substances.'),
(14, 'Not Recommended For Young Children', 'May be inappropriate for young children. For example, the subject matter could include the death of a family pet, a complicated family breakdown or images considered frightening or disturbing for the very young.'),
(15, 'Not Recommended For Children', 'May include scenes that reflect a more mature situation, such as drug use or abuse.'),
(16, 'Mature Subject Matter', 'Contains scenes or themes that may be upsetting or troubling to some. The film may contain portrayals of sexual violence, torture, deviant behaviour or cruelty.'),
(17, 'Disturbing Content', 'Contains images or storylines that may be challenging for minors. The film may contain portrayals of domestic violence, racism, religious matters, death or controversial social issues.');

SELECT * FROM Advisory

INSERT INTO Category (category_id, name, parent_id) VALUES
(1, 'Drama', NULL),
(2, 'Thrillers', 1),
(3, 'Emotional', 1),
(4, 'Award Winning', 1),

(5, 'Comedy', NULL),
(6, 'Romantic Comedy', 5),
(7, 'Stand-Up', 5),
(8, 'Dark Comedy', 5),

(9, 'Action', NULL),
(10, 'Superhero', 9),
(11, 'Martial Arts', 9),
(12, 'Military Action', 9),

(13, 'Horror', NULL),
(14, 'Psychological Horror', 13),
(15, 'Slasher', 13),
(16, 'Supernatural', 13),

(17, 'Sci-Fi', NULL),
(18, 'Space Opera', 17),
(19, 'Time Travel', 17),
(20, 'Apocalyptic', 17);

SELECT * FROM Category

INSERT INTO Customer (
    customer_id, first_name, last_name, email, phone, address, postal_code, credit_card_number, card_type
) VALUES
(1, 'Danielle', 'Johnson', 'danielle.johnson1@example.com', '381.350.4657', '181 Johnson Course', 'R0U9R9', '2501652580863193', 'AX'),
(2, 'Noah', 'Howard', 'noah.howard2@example.com', '452.718.5333', '781 Miller Hill', 'R4S2T4', '8685702202126332', 'MC'),
(3, 'Jacqueline', 'Sutton', 'jacqueline.sutton3@example.com', '173.723.3803', '76483 Cameron Trail', 'U7D5A4', '0884095724861175', 'VS'),
(4, 'Brenda', 'Hurst', 'brenda.hurst4@example.com', '508.470.4593', '710 Eric Estate', 'G7J4R2', '7403959807652614', 'MC'),
(5, 'Aaron', 'Bowen', 'aaron.bowen5@example.com', '836.369.9201', '148 Eric Track', 'I2E7A3', '1999541398225078', 'VS'),
(6, 'Katie', 'Anderson', 'katie.anderson6@example.com', '586.662.3705', '963 Jennifer Locks Suite 787', 'S1S8O5', '1235220629802621', 'VS'),
(7, 'Barbara', 'Sanchez', 'barbara.sanchez7@example.com', '584.926.7669', '16566 Shields Center', 'N6D6U1', '6904382144229485', 'AX'),
(8, 'Denise', 'Fernandez', 'denise.fernandez8@example.com', '115.195.4872', '7736 Franklin Alley', 'M4S7K2', '9274499571295570', 'VS'),
(9, 'Thomas', 'Calhoun', 'thomas.calhoun9@example.com', '643.261.1931', '19136 Shelly Port', 'J9U2J7', '2564559272362370', 'MC'),
(10, 'Christine', 'Hart', 'christine.hart10@example.com', '202.175.9808', '425 Natasha Land', 'B3G4G7', '2453985659182871', 'MC'),
(11, 'Cassandra', 'Robbins', 'cassandra.robbins11@example.com', '308.803.5325', '0164 Adam Trail Apt. 427', 'H5B2E4', '5400895851138788', 'AX'),
(12, 'Evelyn', 'Estrada', 'evelyn.estrada12@example.com', '462.898.7658', '22602 Patton Loop', 'I8F9H3', '8882718828437201', 'MC'),
(13, 'Joshua', 'Jones', 'joshua.jones13@example.com', '891.385.6753', '850 Natalie Green Apt. 940', 'Y3H2U0', '1473653527095776', 'MC'),
(14, 'Ryan', 'Rush', 'ryan.rush14@example.com', '438.738.6143', '484 Nguyen Square', 'L6Q7G6', '2149696350245644', 'AX'),
(15, 'William', 'Leon', 'william.leon15@example.com', '915.853.3780', '8951 Emily Fork', 'K8Z2V6', '8109674857331688', 'AX'),
(16, 'Kimberly', 'Robinson', 'kimberly.robinson16@example.com', '923.812.9486', '83172 Contreras Points Suite 798', 'V2M7W8', '4941847827424723', 'VS'),
(17, 'Christopher', 'Hernandez', 'christopher.hernandez17@example.com', '492.810.3503', '66587 Brown Village', 'R4B2E1', '4956873037894756', 'AX'),
(18, 'Tracy', 'Nelson', 'tracy.nelson18@example.com', '597.129.7371', '627 Tina Place Apt. 699', 'U5M5K0', '6048123438294847', 'AX'),
(19, 'Zoe', 'Bell', 'zoe.bell19@example.com', '765.170.1659', '30923 Thomas Crescent', 'V9B6W5', '5267167189103693', 'VS'),
(20, 'James', 'Vargas', 'james.vargas20@example.com', '950.742.4978', '491 Michael Meadow', 'K9J4N0', '6060444384115669', 'MC'),
(21, 'Steven', 'Petersen', 'steven.petersen21@example.com', '706.374.6280', '47379 Rogers Park', 'P0V4Q7', '8127387209074766', 'MC'),
(22, 'Shane', 'Smith', 'shane.smith22@example.com', '401.326.7625', '9578 Coleman Summit', 'C5X3G0', '5343273796172575', 'AX'),
(23, 'Marissa', 'Phillips', 'marissa.phillips23@example.com', '469.283.5952', '824 Terri Plaza', 'S6T3C1', '2967102439281045', 'VS'),
(24, 'Brian', 'Hernandez', 'brian.hernandez24@example.com', '676.411.2395', '86999 Kimberly Light', 'M2P7F5', '4489366792261100', 'MC'),
(25, 'Hannah', 'Harrison', 'hannah.harrison25@example.com', '133.337.5720', '713 French Road Apt. 618', 'M6L7X6', '2121075894434254', 'VS'),
(26, 'Bill', 'Reynolds', 'bill.reynolds26@example.com', '430.718.5102', '39904 Kathryn Extensions', 'S8H2I8', '4691564033683629', 'VS'),
(27, 'Benjamin', 'Miller', 'benjamin.miller27@example.com', '358.431.2899', '087 Brown Path Suite 977', 'Q7F9D4', '7259461962155099', 'MC'),
(28, 'Stacey', 'Holland', 'stacey.holland28@example.com', '257.610.5781', '7737 Patrick Rapid Apt. 146', 'V5K2T3', '3720785684437398', 'VS'),
(29, 'John', 'Reyes', 'john.reyes29@example.com', '976.894.7730', '7662 Hanna Crossroad', 'D3D6M4', '5588454746149366', 'MC'),
(30, 'Melissa', 'Villarreal', 'melissa.villarreal30@example.com', '489.424.8994', '134 Julie Mews', 'O4T2N7', '9771120303424611', 'VS'),
(31, 'Monica', 'Harvey', 'monica.harvey31@example.com', '346.609.3344', '4740 Santana Springs', 'K3Q3P2', '5099296439813326', 'AX'),
(32, 'Tiffany', 'Barrett', 'tiffany.barrett32@example.com', '381.108.1803', '3953 Christine Springs Apt. 104', 'J0M0T4', '7031934278352199', 'MC'),
(33, 'Julie', 'Morgan', 'julie.morgan33@example.com', '217.579.2233', '68516 Joseph Crossing', 'T4Q7U3', '4665891208592089', 'MC'),
(34, 'Debra', 'Wilson', 'debra.wilson34@example.com', '146.138.5986', '13826 Watson Summit Suite 926', 'U0I6I5', '6869262423939602', 'AX'),
(35, 'Stacy', 'Holloway', 'stacy.holloway35@example.com', '193.778.4475', '53293 Maria Plaza', 'N5S4Y6', '2283190811216007', 'AX'),
(36, 'Brianna', 'Smith', 'brianna.smith36@example.com', '371.153.3076', '117 Strickland Passage Apt. 783', 'S5O7E1', '9078549044649006', 'AX'),
(37, 'David', 'Weber', 'david.weber37@example.com', '699.661.6327', '847 Garcia Squares Apt. 836', 'Z9H7W8', '4234404631908007', 'AX'),
(38, 'Angela', 'Willis', 'angela.willis38@example.com', '675.675.6400', '5604 Bell Ports', 'Q5Q1X0', '5148351224576656', 'VS'),
(39, 'Maria', 'Adams', 'maria.adams39@example.com', '284.379.6062', '0229 Jones Streets Apt. 183', 'P8V9R4', '3413395817004464', 'AX'),
(40, 'Kari', 'Wilson', 'kari.wilson40@example.com', '540.213.5640', '403 Joyce Centers Apt. 343', 'K5D9T7', '7721441525633744', 'AX'),
(41, 'Michelle', 'Johnston', 'michelle.johnston41@example.com', '687.514.7843', '60529 Collier Lake Apt. 613', 'K5L2U7', '4408727065173961', 'AX'),
(42, 'Dwayne', 'Gonzalez', 'dwayne.gonzalez42@example.com', '716.256.2234', '779 Maldonado Port', 'W4R6Z8', '6939344675304032', 'VS'),
(43, 'Michelle', 'Wyatt', 'michelle.wyatt43@example.com', '729.708.9307', '9807 Marc Mountains Apt. 071', 'M4B6I9', '8890607956393760', 'VS'),
(44, 'Deborah', 'Jones', 'deborah.jones44@example.com', '196.671.7333', '9251 Sabrina Inlet Suite 291', 'M8C3S2', '3378687656433129', 'MC'),
(45, 'James', 'Cooke', 'james.cooke45@example.com', '258.179.5846', '880 Walter River', 'F6R7K1', '1318781446242745', 'MC'),
(46, 'Tammy', 'Mueller', 'tammy.mueller46@example.com', '955.298.7026', '4688 Burch Viaduct Apt. 924', 'E1U4Z9', '0439751014580988', 'AX'),
(47, 'Robert', 'Sanders', 'robert.sanders47@example.com', '482.341.7326', '3051 Moody Dam', 'A6L6T7', '0948746902196472', 'AX'),
(48, 'Brandon', 'Barnes', 'brandon.barnes48@example.com', '912.737.8489', '79808 Jennifer Highway', 'G2K8W8', '4624609055953469', 'MC'),
(49, 'Julie', 'Kelly', 'julie.kelly49@example.com', '169.453.4950', '520 Payne Via', 'Q2S9O5', '6869411790278333', 'VS'),
(50, 'Thomas', 'Johnson', 'thomas.johnson50@example.com', '762.295.5687', '54156 Paul Lights Suite 277', 'X0P8I0', '3720449121324714', 'MC');

SELECT * FROM Customer


INSERT INTO Movie (
    movie_id, title, duration_minutes, rating, release_date, is_new_release,
    is_most_popular, is_coming_soon, price_sd, price_hd, director_id
) VALUES
(1, 'Executive.', 71, '18a', '2022-11-10', TRUE, TRUE, FALSE, 4.28, 6.3, 25),
(2, 'None future appear.', 77, '14a', '2025-05-12', FALSE, FALSE, FALSE, 3.53, 5.13, 24),
(3, 'Ability job.', 71, 'r', '2023-10-21', TRUE, TRUE, FALSE, 4.14, 6.32, 25),
(4, 'Bill analysis project.', 76, 'g', '2023-01-27', FALSE, FALSE, FALSE, 5.62, 6.83, 17),
(5, 'Light already.', 99, '14a', '2025-01-10', FALSE, TRUE, FALSE, 6.89, 7.91, 2),
(6, 'North whether actually.', 174, 'r', '2024-04-14', FALSE, FALSE, FALSE, 3.55, 5.31, 4),
(7, 'Three main protect hear.', 64, 'pg', '2021-04-17', FALSE, FALSE, FALSE, 3.77, 4.94, 4),
(8, 'Friend never.', 173, 'g', '2024-06-23', FALSE, FALSE, FALSE, 6.12, 7.7, 20),
(9, 'Administration only story.', 106, 'g', '2023-08-02', FALSE, FALSE, FALSE, 3.43, 6.06, 25),
(10, 'Rich training police.', 123, 'pg', '2025-03-21', FALSE, TRUE, FALSE, 5.95, 8.19, 13),
(11, 'Know seem analysis.', 77, '18a', '2022-03-27', TRUE, FALSE, FALSE, 4.26, 5.51, 20),
(12, 'West plant.', 60, 'g', '2021-02-14', FALSE, FALSE, FALSE, 3.6, 5.23, 15),
(13, 'Bar today.', 161, 'r', '2023-10-20', TRUE, FALSE, FALSE, 4.25, 6.78, 5),
(14, 'Ahead follow what.', 64, 'r', '2023-06-10', FALSE, FALSE, TRUE, 5.82, 6.85, 22),
(15, 'This industry.', 151, 'pg', '2023-10-04', FALSE, FALSE, FALSE, 4.21, 5.47, 23),
(16, 'Station physical.', 157, 'r', '2023-11-20', FALSE, FALSE, FALSE, 6.07, 9.04, 25),
(17, 'Simply home.', 76, 'r', '2023-06-19', FALSE, TRUE, FALSE, 6.39, 9.02, 19),
(18, 'Sort hit.', 67, 'pg', '2024-06-16', FALSE, TRUE, FALSE, 5.2, 7.65, 21),
(19, 'That science wonder.', 145, '18a', '2023-03-05', FALSE, FALSE, TRUE, 6.26, 8.46, 1),
(20, 'Miss the.', 125, 'r', '2021-10-04', FALSE, FALSE, FALSE, 3.44, 4.75, 24),
(21, 'Risk different now.', 71, '14a', '2024-11-24', FALSE, TRUE, FALSE, 6.0, 8.82, 12),
(22, 'Huge voice.', 70, 'pg', '2024-11-20', FALSE, FALSE, TRUE, 6.2, 7.28, 3),
(23, 'Environmental discuss.', 136, '14a', '2021-04-21', FALSE, FALSE, FALSE, 4.9, 7.54, 23),
(24, 'Upon speak.', 128, 'pg', '2024-09-15', FALSE, FALSE, FALSE, 5.38, 7.08, 1),
(25, 'Even.', 151, 'r', '2024-09-22', FALSE, FALSE, FALSE, 5.23, 6.78, 7);

SELECT * FROM Movie

INSERT INTO Rental (
    rental_id, customer_id, movie_id, rental_date, start_view_date,
    expiry_date, price_paid, cc_number, cc_type, customer_rating
) VALUES
(1, 20, 2, '2025-02-07 09:10:10', '2025-02-08 08:24:07', '2025-02-08 09:42:13', 9.86, '4333567333152425', 'AX', 2),
(2, 19, 12, '2025-06-21 07:27:53', '2025-06-21 22:45:23', '2025-06-22 01:47:13', 8.0, '8858042218185670', 'MC', 3),
(3, 25, 9, '2024-09-04 18:19:07', '2024-09-05 13:22:28', '2024-09-05 14:55:43', 6.67, '2908314793968836', 'MC', 3),
(4, 21, 2, '2025-02-26 10:57:53', '2025-02-26 18:13:28', '2025-02-27 00:05:15', 6.48, '4657386784811974', 'MC', 3),
(5, 1, 14, '2024-09-09 06:20:02', '2024-09-09 16:36:11', '2024-09-10 12:33:48', 5.9, '1069746199075947', 'AX', 2),
(6, 4, 10, '2025-01-05 05:34:14', '2025-01-06 03:17:13', '2025-01-06 12:32:55', 9.28, '0724592913243751', 'MC', 2),
(7, 2, 4, '2024-11-12 06:36:54', '2024-11-12 21:48:39', '2024-11-13 07:49:05', 6.77, '1018298330693908', 'AX', 5),
(8, 6, 14, '2024-10-21 15:18:17', '2024-10-22 07:21:42', '2024-10-23 00:08:53', 7.76, '5976177444923104', 'MC', 3),
(9, 19, 21, '2024-12-27 09:07:41', '2024-12-27 09:33:19', '2024-12-28 01:48:07', 5.56, '5013568376142090', 'VS', 3),
(10, 17, 5, '2024-09-14 06:31:08', '2024-09-14 13:40:14', '2024-09-14 19:09:05', 9.43, '8196172057026727', 'VS', 2),
(11, 12, 16, '2025-02-28 04:19:33', '2025-02-28 10:04:51', '2025-03-01 03:10:25', 9.02, '4282263330404290', 'VS', 2),
(12, 15, 17, '2024-10-16 01:46:07', '2024-10-16 10:02:17', '2024-10-17 01:47:53', 4.54, '8255045397606994', 'VS', 2),
(13, 21, 23, '2025-05-02 23:08:09', '2025-05-03 16:09:24', '2025-05-04 02:51:37', 8.06, '4054516753888489', 'VS', 5),
(14, 16, 12, '2025-07-30 22:24:14', '2025-07-31 14:35:03', '2025-08-01 06:39:02', 9.58, '3205549020809357', 'MC', 1),
(15, 24, 4, '2025-01-17 20:35:54', '2025-01-18 09:07:11', '2025-01-19 02:32:38', 5.54, '1502863881447600', 'VS', 2),
(16, 23, 12, '2025-07-01 01:10:50', '2025-07-01 20:02:58', '2025-07-02 06:45:01', 5.3, '6708325756146380', 'VS', 3),
(17, 22, 15, '2024-10-04 12:20:55', '2024-10-05 08:15:07', '2024-10-05 19:31:03', 6.48, '9235581588288899', 'VS', 3),
(18, 15, 24, '2025-03-01 16:11:02', '2025-03-01 20:25:58', '2025-03-02 19:51:37', 5.45, '5492208414395762', 'MC', 2),
(19, 7, 5, '2025-03-30 08:57:01', '2025-03-30 22:36:14', '2025-03-31 02:00:35', 9.23, '3708607906408516', 'VS', 1),
(20, 13, 18, '2025-08-02 08:53:18', '2025-08-03 03:11:02', '2025-08-03 13:12:44', 7.52, '8035098874872992', 'AX', 5),
(21, 11, 18, '2024-12-19 02:44:08', '2024-12-19 19:30:27', '2024-12-20 15:13:02', 8.3, '4226913987542009', 'MC', 1),
(22, 19, 22, '2024-08-16 02:11:04', '2024-08-16 17:42:44', '2024-08-16 23:37:59', 4.29, '0097004874827534', 'AX', 1),
(23, 5, 21, '2024-11-11 09:40:12', '2024-11-11 19:26:10', '2024-11-12 17:56:27', 5.37, '9867717890386347', 'MC', 1),
(24, 21, 25, '2024-11-07 12:47:38', '2024-11-07 15:40:41', '2024-11-08 01:55:58', 5.04, '3358699737285468', 'AX', 4),
(25, 19, 7, '2025-01-02 08:47:08', '2025-01-02 13:32:09', '2025-01-03 12:29:15', 7.26, '2030501834172516', 'MC', 4),
(26, 7, 5, '2025-04-07 04:26:40', '2025-04-07 17:56:13', '2025-04-08 00:52:51', 8.55, '2779815692301914', 'AX', 3),
(27, 8, 16, '2025-04-17 13:38:15', '2025-04-17 18:14:00', '2025-04-18 00:38:22', 8.39, '8574870356464767', 'VS', 4),
(28, 3, 12, '2025-03-15 22:33:04', '2025-03-16 00:36:04', '2025-03-16 17:05:12', 4.87, '8397084040960061', 'VS', 1),
(29, 3, 10, '2024-11-27 15:05:59', '2024-11-28 06:30:28', '2024-11-28 14:14:34', 5.33, '6584431050259372', 'VS', 1),
(30, 24, 3, '2025-06-19 23:57:40', '2025-06-20 19:14:16', '2025-06-21 13:48:58', 9.42, '9440603339673681', 'VS', 4),
(31, 22, 19, '2025-03-04 18:32:10', '2025-03-05 04:46:46', '2025-03-05 14:47:46', 7.97, '4905765713730097', 'VS', 4),
(32, 24, 22, '2025-04-20 15:40:23', '2025-04-21 07:17:07', '2025-04-21 19:42:28', 5.58, '4825992924277578', 'MC', 2),
(33, 9, 17, '2025-04-03 02:37:42', '2025-04-03 09:46:01', '2025-04-03 18:34:56', 6.12, '9167567401299865', 'AX', 2),
(34, 25, 10, '2024-09-22 07:51:52', '2024-09-23 07:27:49', '2024-09-24 02:57:34', 6.88, '9371512632115655', 'MC', 2),
(35, 6, 1, '2024-08-24 10:18:19', '2024-08-25 01:50:13', '2024-08-25 07:37:33', 5.52, '1126690813638548', 'AX', 2),
(36, 3, 11, '2024-11-23 06:46:54', '2024-11-23 11:02:35', '2024-11-23 17:35:36', 4.88, '3590894813535911', 'VS', 1),
(37, 4, 11, '2025-05-19 01:42:20', '2025-05-19 13:34:03', '2025-05-19 20:46:21', 8.1, '6528979456502476', 'AX', 1),
(38, 8, 21, '2025-01-16 18:54:09', '2025-01-16 19:25:19', '2025-01-17 11:06:25', 4.43, '6188561266484073', 'VS', 1),
(39, 22, 16, '2025-02-10 14:59:24', '2025-02-11 03:21:23', '2025-02-11 10:06:31', 9.91, '6241569219340872', 'VS', 1),
(40, 14, 25, '2025-07-13 05:40:04', '2025-07-13 21:37:52', '2025-07-14 07:21:32', 7.01, '1337860858279776', 'AX', 4),
(41, 9, 19, '2025-05-31 07:06:12', '2025-05-31 14:46:26', '2025-06-01 04:04:47', 4.23, '6945380675298218', 'VS', 3),
(42, 9, 7, '2025-03-05 09:49:48', '2025-03-06 02:36:35', '2025-03-07 01:40:15', 9.03, '7998100626405356', 'MC', 3),
(43, 17, 16, '2025-01-25 11:37:53', '2025-01-26 07:40:45', '2025-01-27 06:40:39', 9.54, '1400654932440134', 'VS', 5),
(44, 15, 18, '2025-06-15 00:57:36', '2025-06-15 18:39:08', '2025-06-16 00:49:06', 9.97, '3640673936302368', 'MC', 4),
(45, 6, 2, '2024-09-25 14:52:11', '2024-09-25 18:24:10', '2024-09-25 22:17:59', 8.16, '4387411783763880', 'MC', 2),
(46, 11, 18, '2024-09-06 03:45:36', '2024-09-07 01:04:57', '2024-09-07 07:20:42', 8.97, '7837277152758689', 'MC', 1),
(47, 24, 21, '2025-05-24 15:23:35', '2025-05-25 01:49:21', '2025-05-25 13:20:24', 7.23, '2938059067616687', 'AX', 3),
(48, 24, 17, '2024-10-21 08:15:23', '2024-10-21 16:53:54', '2024-10-22 08:46:02', 9.38, '9207018632392263', 'MC', 5),
(49, 15, 21, '2025-03-19 09:10:21', '2025-03-19 14:11:41', '2025-03-19 20:07:33', 9.97, '4101289091522242', 'VS', 3),
(50, 3, 16, '2025-04-23 00:26:48', '2025-04-23 21:53:35', '2025-04-24 09:00:09', 4.72, '0198060375510048', 'MC', 3);

SELECT * FROM Rental

INSERT INTO Wishlist (
    wishlist_id, customer_id, movie_id, added_date
) VALUES
(1, 15, 15, '2025-08-04'),
(2, 22, 1, '2025-08-04'),
(3, 29, 21, '2025-08-04'),
(4, 29, 10, '2025-08-04'),
(5, 9, 11, '2025-08-04'),
(6, 34, 24, '2025-08-04'),
(7, 27, 19, '2025-08-04'),
(8, 4, 10, '2025-08-04'),
(9, 22, 7, '2025-08-04'),
(10, 16, 12, '2025-08-04'),
(11, 22, 22, '2025-08-04'),
(12, 23, 20, '2025-08-04'),
(13, 17, 7, '2025-08-04'),
(14, 8, 2, '2025-08-04'),
(15, 30, 21, '2025-08-04'),
(16, 12, 10, '2025-08-04'),
(17, 9, 15, '2025-08-04'),
(18, 44, 5, '2025-08-04'),
(19, 48, 6, '2025-08-04'),
(20, 29, 11, '2025-08-04'),
(21, 39, 14, '2025-08-04'),
(22, 16, 18, '2025-08-04'),
(23, 33, 8, '2025-08-04'),
(24, 29, 17, '2025-08-04'),
(25, 43, 11, '2025-08-04'),
(26, 42, 17, '2025-08-04'),
(27, 24, 5, '2025-08-04'),
(28, 8, 5, '2025-08-04'),
(29, 46, 18, '2025-08-04'),
(30, 15, 24, '2025-08-04'),
(31, 6, 19, '2025-08-04'),
(32, 46, 22, '2025-08-04'),
(33, 40, 15, '2025-08-04'),
(34, 45, 14, '2025-08-04'),
(35, 9, 20, '2025-08-04'),
(36, 7, 3, '2025-08-04'),
(37, 4, 8, '2025-08-04'),
(38, 14, 22, '2025-08-04'),
(39, 8, 22, '2025-08-04'),
(40, 2, 2, '2025-08-04'),
(41, 21, 9, '2025-08-04'),
(42, 31, 23, '2025-08-04'),
(43, 44, 1, '2025-08-04'),
(44, 11, 24, '2025-08-04'),
(45, 49, 15, '2025-08-04'),
(46, 48, 4, '2025-08-04'),
(47, 37, 10, '2025-08-04'),
(48, 5, 16, '2025-08-04'),
(49, 32, 6, '2025-08-04'),
(50, 47, 15, '2025-08-04'),
(51, 38, 18, '2025-08-04'),
(52, 43, 20, '2025-08-04'),
(53, 18, 18, '2025-08-04'),
(54, 41, 19, '2025-08-04'),
(55, 25, 9, '2025-08-04'),
(56, 45, 12, '2025-08-04'),
(57, 17, 23, '2025-08-04'),
(58, 30, 11, '2025-08-04'),
(59, 8, 20, '2025-08-04'),
(60, 15, 10, '2025-08-04'),
(61, 11, 22, '2025-08-04'),
(62, 46, 6, '2025-08-04'),
(63, 28, 23, '2025-08-04'),
(64, 50, 3, '2025-08-04'),
(65, 29, 22, '2025-08-04'),
(66, 1, 10, '2025-08-04'),
(67, 14, 10, '2025-08-04'),
(68, 18, 14, '2025-08-04'),
(69, 6, 24, '2025-08-04'),
(70, 49, 12, '2025-08-04'),
(71, 50, 20, '2025-08-04'),
(72, 4, 9, '2025-08-04'),
(73, 35, 8, '2025-08-04'),
(74, 46, 25, '2025-08-04'),
(75, 9, 25, '2025-08-04'),
(76, 36, 25, '2025-08-04'),
(77, 49, 3, '2025-08-04'),
(78, 5, 2, '2025-08-04'),
(79, 43, 4, '2025-08-04'),
(80, 21, 14, '2025-08-04'),
(81, 10, 16, '2025-08-04'),
(82, 7, 21, '2025-08-04'),
(83, 18, 4, '2025-08-04'),
(84, 47, 14, '2025-08-04'),
(85, 37, 15, '2025-08-04'),
(86, 20, 22, '2025-08-04'),
(87, 27, 23, '2025-08-04'),
(88, 4, 3, '2025-08-04'),
(89, 14, 17, '2025-08-04'),
(90, 22, 11, '2025-08-04'),
(91, 41, 7, '2025-08-04'),
(92, 4, 16, '2025-08-04'),
(93, 36, 21, '2025-08-04'),
(94, 40, 14, '2025-08-04'),
(95, 12, 3, '2025-08-04'),
(96, 9, 19, '2025-08-04'),
(97, 3, 9, '2025-08-04'),
(98, 16, 22, '2025-08-04'),
(99, 29, 19, '2025-08-04'),
(100, 47, 6, '2025-08-04');

SELECT * FROM Wishlist

--PART 4
INSERT INTO Movie_Category (movie_id, category_id) VALUES
(5, 10),
(8, 9),
(9, 8),
(2, 11),
(24, 8),
(15, 5),
(18, 1),
(6, 11),
(21, 9),
(5, 3),
(22, 19),
(5, 12),
(11, 16),
(15, 16),
(7, 12),
(20, 15),
(22, 12),
(3, 8),
(17, 7),
(23, 20),
(3, 17),
(11, 9),
(1, 10),
(25, 11),
(18, 14),
(23, 13),
(14, 10),
(3, 19),
(14, 19),
(9, 14),
(1, 3),
(13, 5),
(10, 15),
(15, 11),
(18, 16),
(7, 16),
(21, 18),
(9, 7),
(10, 8),
(18, 9),
(7, 9),
(20, 12),
(21, 20),
(14, 14),
(7, 11),
(21, 13),
(12, 10),
(3, 7),
(22, 20),
(3, 16),
(5, 13),
(19, 15),
(13, 11),
(25, 10),
(16, 7),
(2, 17),
(12, 12),
(14, 9),
(13, 4),
(1, 11),
(20, 9),
(7, 18),
(4, 19),
(19, 10),
(10, 7),
(1, 4),
(11, 6),
(25, 5),
(5, 20),
(8, 19),
(9, 18),
(11, 15),
(15, 15),
(12, 7),
(3, 4),
(18, 20),
(21, 19),
(7, 20),
(4, 12),
(17, 6),
(19, 3),
(11, 8),
(16, 4),
(25, 16),
(24, 20),
(8, 5),
(19, 5),
(19, 14),
(21, 5),
(15, 19),
(23, 2),
(12, 11),
(4, 7),
(22, 15),
(3, 20),
(10, 13),
(15, 3),
(13, 15),
(16, 11),
(7, 8);

select * from Movie_Category

INSERT INTO Movie_Advisory (movie_id, advisory_id) VALUES
(23, 4),
(18, 17),
(8, 9),
(19, 9),
(11, 5),
(1, 15),
(13, 17),
(3, 6),
(17, 14),
(8, 11),
(11, 16),
(6, 4),
(18, 3),
(21, 2),
(22, 3),
(22, 12),
(19, 4),
(8, 4),
(3, 17),
(17, 16),
(13, 12),
(3, 1),
(20, 17),
(22, 14),
(3, 10),
(24, 5),
(16, 1),
(24, 14),
(25, 13),
(7, 7),
(18, 16),
(23, 6),
(17, 2),
(22, 16),
(17, 11),
(4, 11),
(9, 16),
(6, 1),
(25, 15),
(16, 12),
(20, 3),
(20, 12),
(5, 2),
(4, 13),
(9, 9),
(8, 13),
(13, 9),
(16, 14),
(22, 2),
(12, 1),
(23, 1),
(22, 11),
(12, 10),
(14, 7),
(3, 7),
(23, 10),
(3, 16),
(5, 13),
(10, 3),
(10, 12),
(2, 8),
(25, 10),
(6, 8),
(22, 4),
(5, 6),
(4, 8),
(4, 17),
(19, 8),
(1, 2),
(2, 1),
(8, 17),
(19, 17),
(1, 11),
(21, 8),
(23, 14),
(12, 14),
(19, 10),
(16, 2),
(15, 15),
(3, 4),
(23, 16),
(19, 3),
(8, 3),
(17, 15),
(2, 14),
(17, 8),
(19, 5),
(10, 2),
(10, 11),
(2, 7),
(24, 13),
(7, 6),
(21, 5),
(11, 3),
(19, 16),
(10, 13),
(8, 16),
(24, 15),
(15, 12),
(7, 8);


INSERT INTO Movie_Actor (movie_id, actor_id, role_name) VALUES
(1, 14, 'Narrator'),
(1, 15, 'Hero'),
(1, 22, 'Extra'),
(1, 25, 'Extra'),
(1, 29, 'Extra'),
(1, 33, 'Hero'),
(1, 36, 'Villain'),
(1, 38, 'Lead'),
(1, 58, 'Support'),
(1, 59, 'Extra'),
(1, 60, 'Lead'),
(1, 61, 'Narrator'),
(1, 62, 'Comedian'),
(1, 68, 'Extra'),
(1, 75, 'Sidekick'),
(1, 79, 'Narrator'),
(1, 81, 'Narrator'),
(1, 85, 'Narrator'),
(1, 106, 'Detective'),
(1, 111, 'Narrator'),
(1, 121, 'Mentor'),
(1, 135, 'Support'),
(1, 136, 'Sidekick'),
(1, 142, 'Sidekick'),
(1, 149, 'Support'),
(2, 6, 'Detective'),
(2, 15, 'Support'),
(2, 18, 'Support'),
(2, 19, 'Comedian'),
(2, 20, 'Lead'),
(2, 21, 'Detective'),
(2, 22, 'Mentor'),
(2, 34, 'Sidekick'),
(2, 38, 'Support'),
(2, 42, 'Narrator'),
(2, 58, 'Sidekick'),
(2, 65, 'Narrator'),
(2, 80, 'Narrator'),
(2, 82, 'Sidekick'),
(2, 88, 'Sidekick'),
(2, 92, 'Detective'),
(2, 94, 'Detective'),
(2, 104, 'Villain'),
(2, 107, 'Sidekick'),
(2, 108, 'Comedian'),
(2, 112, 'Narrator'),
(2, 115, 'Narrator'),
(2, 138, 'Hero'),
(2, 148, 'Sidekick'),
(2, 149, 'Support'),
(3, 6, 'Support'),
(3, 7, 'Sidekick'),
(3, 11, 'Villain'),
(3, 16, 'Comedian'),
(3, 17, 'Comedian'),
(3, 19, 'Support'),
(3, 20, 'Villain'),
(3, 34, 'Extra'),
(3, 47, 'Support'),
(3, 48, 'Comedian'),
(3, 66, 'Sidekick'),
(3, 69, 'Lead'),
(3, 72, 'Lead'),
(3, 81, 'Villain'),
(3, 83, 'Hero'),
(3, 87, 'Extra'),
(3, 91, 'Sidekick'),
(3, 102, 'Mentor'),
(3, 105, 'Comedian'),
(3, 106, 'Comedian'),
(3, 110, 'Detective'),
(3, 112, 'Comedian'),
(3, 122, 'Narrator'),
(3, 124, 'Sidekick'),
(3, 135, 'Mentor'),
(4, 2, 'Hero'),
(4, 15, 'Narrator'),
(4, 16, 'Extra'),
(4, 22, 'Extra'),
(4, 25, 'Support'),
(4, 34, 'Detective'),
(4, 37, 'Lead'),
(4, 43, 'Mentor'),
(4, 61, 'Narrator'),
(4, 65, 'Lead'),
(4, 66, 'Narrator'),
(4, 68, 'Villain'),
(4, 72, 'Comedian'),
(4, 78, 'Hero'),
(4, 85, 'Comedian'),
(4, 87, 'Narrator'),
(4, 95, 'Villain'),
(4, 99, 'Mentor'),
(4, 106, 'Hero'),
(4, 108, 'Comedian'),
(4, 113, 'Mentor'),
(4, 119, 'Comedian'),
(4, 126, 'Narrator'),
(4, 142, 'Hero'),
(4, 144, 'Narrator'),
(5, 7, 'Extra'),
(5, 24, 'Hero'),
(5, 30, 'Detective'),
(5, 31, 'Lead'),
(5, 39, 'Sidekick'),
(5, 44, 'Mentor'),
(5, 47, 'Mentor'),
(5, 51, 'Support'),
(5, 57, 'Sidekick'),
(5, 65, 'Mentor'),
(5, 66, 'Villain'),
(5, 75, 'Narrator'),
(5, 79, 'Lead'),
(5, 83, 'Sidekick'),
(5, 87, 'Comedian'),
(5, 96, 'Detective'),
(5, 97, 'Extra'),
(5, 103, 'Extra'),
(5, 111, 'Villain'),
(5, 117, 'Villain'),
(5, 120, 'Lead'),
(5, 127, 'Detective'),
(5, 132, 'Sidekick'),
(5, 136, 'Hero'),
(5, 144, 'Lead'),
(6, 3, 'Sidekick'),
(6, 26, 'Extra'),
(6, 38, 'Mentor'),
(6, 41, 'Support'),
(6, 42, 'Comedian'),
(6, 43, 'Sidekick'),
(6, 59, 'Support'),
(6, 61, 'Hero'),
(6, 72, 'Narrator'),
(6, 74, 'Hero'),
(6, 75, 'Support'),
(6, 76, 'Mentor'),
(6, 87, 'Hero'),
(6, 94, 'Comedian'),
(6, 102, 'Detective'),
(6, 105, 'Extra'),
(6, 107, 'Narrator'),
(6, 115, 'Comedian'),
(6, 116, 'Lead'),
(6, 120, 'Villain'),
(6, 125, 'Comedian'),
(6, 126, 'Detective'),
(6, 129, 'Sidekick'),
(6, 137, 'Hero'),
(6, 145, 'Narrator'),
(7, 12, 'Detective'),
(7, 14, 'Lead'),
(7, 16, 'Lead'),
(7, 22, 'Villain'),
(7, 23, 'Mentor'),
(7, 30, 'Narrator'),
(7, 34, 'Villain'),
(7, 36, 'Support'),
(7, 39, 'Mentor'),
(7, 47, 'Lead'),
(7, 48, 'Narrator'),
(7, 50, 'Villain'),
(7, 55, 'Detective'),
(7, 77, 'Detective'),
(7, 92, 'Villain'),
(7, 96, 'Comedian'),
(7, 98, 'Mentor'),
(7, 100, 'Comedian'),
(7, 103, 'Sidekick'),
(7, 117, 'Extra'),
(7, 118, 'Hero'),
(7, 121, 'Support'),
(7, 124, 'Hero'),
(7, 139, 'Narrator'),
(7, 141, 'Sidekick'),
(8, 8, 'Lead'),
(8, 14, 'Hero'),
(8, 27, 'Detective'),
(8, 30, 'Detective'),
(8, 31, 'Detective'),
(8, 32, 'Narrator'),
(8, 39, 'Detective'),
(8, 49, 'Mentor'),
(8, 50, 'Hero'),
(8, 56, 'Lead'),
(8, 72, 'Villain'),
(8, 76, 'Lead'),
(8, 82, 'Villain'),
(8, 83, 'Detective'),
(8, 94, 'Lead'),
(8, 96, 'Extra'),
(8, 110, 'Sidekick'),
(8, 111, 'Villain'),
(8, 122, 'Mentor'),
(8, 132, 'Detective'),
(8, 135, 'Mentor'),
(8, 140, 'Support'),
(8, 141, 'Support'),
(8, 142, 'Mentor'),
(8, 146, 'Comedian'),
(9, 1, 'Detective'),
(9, 2, 'Detective'),
(9, 3, 'Comedian'),
(9, 9, 'Hero'),
(9, 36, 'Sidekick'),
(9, 45, 'Lead'),
(9, 46, 'Support'),
(9, 47, 'Lead'),
(9, 49, 'Villain'),
(9, 60, 'Lead'),
(9, 64, 'Support'),
(9, 69, 'Comedian'),
(9, 74, 'Comedian'),
(9, 76, 'Sidekick'),
(9, 83, 'Hero'),
(9, 92, 'Lead'),
(9, 99, 'Comedian'),
(9, 104, 'Extra'),
(9, 109, 'Detective'),
(9, 117, 'Detective'),
(9, 122, 'Extra'),
(9, 128, 'Narrator'),
(9, 143, 'Mentor'),
(9, 149, 'Hero'),
(9, 150, 'Support'),
(10, 7, 'Support'),
(10, 8, 'Narrator'),
(10, 12, 'Extra'),
(10, 23, 'Extra'),
(10, 31, 'Lead'),
(10, 35, 'Hero'),
(10, 44, 'Hero'),
(10, 48, 'Mentor'),
(10, 50, 'Detective'),
(10, 51, 'Hero'),
(10, 57, 'Narrator'),
(10, 82, 'Lead'),
(10, 83, 'Support'),
(10, 84, 'Sidekick'),
(10, 85, 'Support'),
(10, 86, 'Hero'),
(10, 89, 'Detective'),
(10, 102, 'Sidekick'),
(10, 106, 'Villain'),
(10, 109, 'Detective'),
(10, 111, 'Sidekick'),
(10, 119, 'Comedian'),
(10, 131, 'Sidekick'),
(10, 142, 'Sidekick'),
(10, 147, 'Narrator'),
(11, 1, 'Villain'),
(11, 4, 'Comedian'),
(11, 14, 'Comedian'),
(11, 19, 'Sidekick'),
(11, 23, 'Mentor'),
(11, 25, 'Sidekick'),
(11, 34, 'Lead'),
(11, 36, 'Villain'),
(11, 43, 'Detective'),
(11, 49, 'Narrator'),
(11, 70, 'Villain'),
(11, 77, 'Sidekick'),
(11, 78, 'Comedian'),
(11, 84, 'Detective'),
(11, 85, 'Hero'),
(11, 87, 'Sidekick'),
(11, 91, 'Comedian'),
(11, 108, 'Comedian'),
(11, 111, 'Lead'),
(11, 114, 'Support'),
(11, 118, 'Sidekick'),
(11, 119, 'Comedian'),
(11, 121, 'Mentor'),
(11, 122, 'Comedian'),
(11, 128, 'Narrator'),
(12, 5, 'Extra'),
(12, 6, 'Sidekick'),
(12, 9, 'Support'),
(12, 35, 'Lead'),
(12, 36, 'Comedian'),
(12, 37, 'Sidekick'),
(12, 39, 'Sidekick'),
(12, 42, 'Mentor'),
(12, 53, 'Support'),
(12, 57, 'Detective'),
(12, 62, 'Support'),
(12, 63, 'Extra'),
(12, 64, 'Extra'),
(12, 71, 'Sidekick'),
(12, 72, 'Sidekick'),
(12, 73, 'Narrator'),
(12, 74, 'Comedian'),
(12, 79, 'Hero'),
(12, 80, 'Sidekick'),
(12, 82, 'Mentor'),
(12, 103, 'Hero'),
(12, 121, 'Support'),
(12, 135, 'Lead'),
(12, 139, 'Narrator'),
(12, 147, 'Sidekick'),
(13, 2, 'Extra'),
(13, 10, 'Detective'),
(13, 11, 'Narrator'),
(13, 20, 'Detective'),
(13, 24, 'Comedian'),
(13, 32, 'Mentor'),
(13, 37, 'Hero'),
(13, 38, 'Comedian'),
(13, 41, 'Extra'),
(13, 49, 'Villain'),
(13, 56, 'Support'),
(13, 58, 'Hero'),
(13, 75, 'Extra'),
(13, 78, 'Hero'),
(13, 79, 'Detective'),
(13, 92, 'Comedian'),
(13, 93, 'Comedian'),
(13, 109, 'Extra'),
(13, 113, 'Narrator'),
(13, 118, 'Narrator'),
(13, 132, 'Hero'),
(13, 134, 'Comedian'),
(13, 136, 'Mentor'),
(13, 140, 'Support'),
(13, 146, 'Support'),
(14, 1, 'Villain'),
(14, 2, 'Comedian'),
(14, 4, 'Mentor'),
(14, 20, 'Hero'),
(14, 24, 'Villain'),
(14, 30, 'Comedian'),
(14, 35, 'Detective'),
(14, 42, 'Support'),
(14, 44, 'Narrator'),
(14, 45, 'Extra'),
(14, 54, 'Comedian'),
(14, 57, 'Support'),
(14, 59, 'Support'),
(14, 61, 'Lead'),
(14, 69, 'Extra'),
(14, 85, 'Mentor'),
(14, 87, 'Hero'),
(14, 96, 'Detective'),
(14, 104, 'Extra'),
(14, 116, 'Extra'),
(14, 121, 'Detective'),
(14, 126, 'Sidekick'),
(14, 131, 'Lead'),
(14, 135, 'Villain'),
(14, 138, 'Narrator'),
(15, 4, 'Villain'),
(15, 5, 'Detective'),
(15, 24, 'Comedian'),
(15, 33, 'Narrator'),
(15, 38, 'Mentor'),
(15, 39, 'Mentor'),
(15, 47, 'Comedian'),
(15, 49, 'Extra'),
(15, 50, 'Lead'),
(15, 58, 'Narrator'),
(15, 70, 'Hero'),
(15, 76, 'Sidekick'),
(15, 78, 'Lead'),
(15, 81, 'Sidekick'),
(15, 87, 'Comedian'),
(15, 91, 'Villain'),
(15, 98, 'Sidekick'),
(15, 101, 'Lead'),
(15, 102, 'Villain'),
(15, 107, 'Sidekick'),
(15, 109, 'Sidekick'),
(15, 132, 'Support'),
(15, 139, 'Support'),
(15, 142, 'Support'),
(15, 145, 'Villain'),
(16, 19, 'Mentor'),
(16, 26, 'Sidekick'),
(16, 27, 'Villain'),
(16, 28, 'Lead'),
(16, 31, 'Villain'),
(16, 58, 'Support'),
(16, 61, 'Extra'),
(16, 65, 'Lead'),
(16, 68, 'Villain'),
(16, 70, 'Comedian'),
(16, 72, 'Lead'),
(16, 76, 'Extra'),
(16, 82, 'Sidekick'),
(16, 84, 'Sidekick'),
(16, 86, 'Hero'),
(16, 90, 'Extra'),
(16, 98, 'Sidekick'),
(16, 104, 'Comedian'),
(16, 106, 'Hero'),
(16, 111, 'Comedian'),
(16, 131, 'Hero'),
(16, 137, 'Mentor'),
(16, 138, 'Lead'),
(16, 141, 'Narrator'),
(16, 147, 'Sidekick'),
(17, 20, 'Extra'),
(17, 22, 'Lead'),
(17, 23, 'Hero'),
(17, 36, 'Detective'),
(17, 44, 'Detective'),
(17, 48, 'Comedian'),
(17, 53, 'Detective'),
(17, 56, 'Extra'),
(17, 62, 'Comedian'),
(17, 68, 'Mentor'),
(17, 69, 'Support'),
(17, 71, 'Detective'),
(17, 73, 'Detective'),
(17, 79, 'Sidekick'),
(17, 80, 'Lead'),
(17, 85, 'Support'),
(17, 94, 'Sidekick'),
(17, 117, 'Narrator'),
(17, 122, 'Hero'),
(17, 130, 'Hero'),
(17, 135, 'Villain'),
(17, 137, 'Narrator'),
(17, 140, 'Lead'),
(17, 141, 'Support'),
(17, 142, 'Extra'),
(18, 7, 'Narrator'),
(18, 20, 'Narrator'),
(18, 29, 'Narrator'),
(18, 30, 'Support'),
(18, 31, 'Detective'),
(18, 34, 'Narrator'),
(18, 37, 'Villain'),
(18, 38, 'Comedian'),
(18, 49, 'Narrator'),
(18, 50, 'Hero'),
(18, 53, 'Villain'),
(18, 70, 'Villain'),
(18, 71, 'Comedian'),
(18, 77, 'Narrator'),
(18, 88, 'Detective'),
(18, 90, 'Mentor'),
(18, 97, 'Comedian'),
(18, 98, 'Extra'),
(18, 100, 'Detective'),
(18, 101, 'Lead'),
(18, 136, 'Mentor'),
(18, 138, 'Lead'),
(18, 139, 'Narrator'),
(18, 142, 'Extra'),
(18, 148, 'Extra'),
(19, 2, 'Lead'),
(19, 18, 'Hero'),
(19, 25, 'Villain'),
(19, 31, 'Support'),
(19, 32, 'Mentor'),
(19, 33, 'Comedian'),
(19, 34, 'Villain'),
(19, 35, 'Lead'),
(19, 39, 'Hero'),
(19, 40, 'Comedian'),
(19, 41, 'Comedian'),
(19, 50, 'Mentor'),
(19, 81, 'Narrator'),
(19, 83, 'Support'),
(19, 87, 'Support'),
(19, 101, 'Mentor'),
(19, 104, 'Narrator'),
(19, 108, 'Narrator'),
(19, 109, 'Sidekick'),
(19, 121, 'Lead'),
(19, 125, 'Mentor'),
(19, 131, 'Support'),
(19, 137, 'Hero'),
(19, 138, 'Hero'),
(19, 148, 'Sidekick'),
(20, 8, 'Sidekick'),
(20, 14, 'Support'),
(20, 29, 'Detective'),
(20, 42, 'Comedian'),
(20, 43, 'Comedian'),
(20, 46, 'Mentor'),
(20, 51, 'Hero'),
(20, 52, 'Comedian'),
(20, 54, 'Sidekick'),
(20, 59, 'Hero'),
(20, 60, 'Support'),
(20, 64, 'Lead'),
(20, 75, 'Narrator'),
(20, 81, 'Comedian'),
(20, 92, 'Lead'),
(20, 97, 'Narrator'),
(20, 101, 'Villain'),
(20, 102, 'Villain'),
(20, 108, 'Lead'),
(20, 114, 'Extra'),
(20, 116, 'Support'),
(20, 121, 'Detective'),
(20, 125, 'Lead'),
(20, 127, 'Mentor'),
(20, 143, 'Hero'),
(21, 4, 'Sidekick'),
(21, 11, 'Villain'),
(21, 13, 'Narrator'),
(21, 18, 'Mentor'),
(21, 21, 'Sidekick'),
(21, 24, 'Lead'),
(21, 25, 'Support'),
(21, 27, 'Support'),
(21, 29, 'Extra'),
(21, 33, 'Support'),
(21, 34, 'Comedian'),
(21, 41, 'Extra'),
(21, 66, 'Support'),
(21, 79, 'Lead'),
(21, 80, 'Comedian'),
(21, 84, 'Detective'),
(21, 87, 'Support'),
(21, 95, 'Villain'),
(21, 115, 'Detective'),
(21, 116, 'Narrator'),
(21, 120, 'Extra'),
(21, 134, 'Comedian'),
(21, 142, 'Narrator'),
(21, 143, 'Villain'),
(21, 144, 'Narrator'),
(22, 11, 'Hero'),
(22, 13, 'Sidekick'),
(22, 17, 'Comedian'),
(22, 22, 'Villain'),
(22, 26, 'Extra'),
(22, 28, 'Hero'),
(22, 36, 'Mentor'),
(22, 47, 'Lead'),
(22, 48, 'Extra'),
(22, 53, 'Support'),
(22, 60, 'Mentor'),
(22, 62, 'Villain'),
(22, 66, 'Detective'),
(22, 69, 'Hero'),
(22, 78, 'Narrator'),
(22, 82, 'Mentor'),
(22, 86, 'Lead'),
(22, 90, 'Extra'),
(22, 106, 'Sidekick'),
(22, 117, 'Comedian'),
(22, 127, 'Support'),
(22, 130, 'Support'),
(22, 136, 'Comedian'),
(22, 138, 'Villain'),
(22, 142, 'Hero'),
(23, 1, 'Villain'),
(23, 2, 'Comedian'),
(23, 7, 'Detective'),
(23, 8, 'Comedian'),
(23, 9, 'Detective'),
(23, 25, 'Mentor'),
(23, 31, 'Support'),
(23, 42, 'Lead'),
(23, 49, 'Hero'),
(23, 54, 'Sidekick'),
(23, 57, 'Mentor'),
(23, 59, 'Extra'),
(23, 89, 'Narrator'),
(23, 94, 'Sidekick'),
(23, 96, 'Extra'),
(23, 97, 'Hero'),
(23, 98, 'Lead'),
(23, 100, 'Mentor'),
(23, 103, 'Hero'),
(23, 108, 'Comedian'),
(23, 110, 'Mentor'),
(23, 115, 'Narrator'),
(23, 127, 'Hero'),
(23, 139, 'Support'),
(23, 144, 'Detective'),
(24, 2, 'Support'),
(24, 5, 'Villain'),
(24, 7, 'Sidekick'),
(24, 18, 'Villain'),
(24, 20, 'Hero'),
(24, 35, 'Sidekick'),
(24, 37, 'Detective'),
(24, 39, 'Lead'),
(24, 40, 'Detective'),
(24, 44, 'Comedian'),
(24, 49, 'Extra'),
(24, 52, 'Narrator'),
(24, 55, 'Extra'),
(24, 56, 'Support'),
(24, 71, 'Detective'),
(24, 87, 'Lead'),
(24, 91, 'Sidekick'),
(24, 95, 'Mentor'),
(24, 99, 'Detective'),
(24, 112, 'Detective'),
(24, 113, 'Sidekick'),
(24, 115, 'Villain'),
(24, 118, 'Hero'),
(24, 126, 'Comedian'),
(24, 130, 'Hero'),
(25, 7, 'Support'),
(25, 9, 'Villain'),
(25, 11, 'Hero'),
(25, 26, 'Villain'),
(25, 28, 'Lead'),
(25, 29, 'Extra'),
(25, 30, 'Hero'),
(25, 36, 'Narrator'),
(25, 40, 'Extra'),
(25, 45, 'Sidekick'),
(25, 50, 'Extra'),
(25, 55, 'Extra'),
(25, 71, 'Mentor'),
(25, 85, 'Comedian'),
(25, 89, 'Villain'),
(25, 95, 'Comedian'),
(25, 97, 'Narrator'),
(25, 99, 'Extra'),
(25, 101, 'Hero'),
(25, 106, 'Detective'),
(25, 108, 'Support'),
(25, 111, 'Comedian'),
(25, 112, 'Comedian'),
(25, 116, 'Hero'),
(25, 117, 'Extra');